symbol,date,close,rsi,macd,sma20,avg_sentiment,news_count
360ONE,2025-05-16,1000.55,57.5,5.11,968.58,0.2605,10
3MINDIA,2025-05-16,29680.0,54.9,-102.46,29729.75,0.247,10
ABB,2025-05-16,5820.0,65.26,30.27,5546.06,0.2427,10
ACC,2025-05-16,1928.4,53.26,0.12,1921.98,0.1179,10
ACMESOLAR,2025-05-16,234.12,65.46,1.76,217.94,0.2209,10
AIAENG,2025-05-16,3309.7,61.87,22.81,3179.98,0.2717,7
APLAPOLLO,2025-05-16,1785.4,77.89,12.05,1653.47,0.3512,10
AUBANK,2025-05-16,684.85,62.87,-3.47,674.08,0.102,10
AWL,2025-05-16,270.35,53.29,-0.48,270.37,0.0957,10
AADHARHFC,2025-05-16,457.4,51.66,-3.34,463.57,0.1755,10
AARTIIND,2025-05-16,474.65,66.15,2.57,442.64,0.1291,10
AAVAS,2025-05-16,1789.6,41.35,-14.16,1919.5,0.2339,10
ABBOTINDIA,2025-05-16,30560.0,54.71,16.48,30314.75,0.2431,10
ACE,2025-05-16,1259.0,58.94,5.84,1209.56,0.0557,10
ADANIENSOL,2025-05-16,915.05,56.06,-3.48,907.16,0.4736,10
ADANIENT,2025-05-16,2555.0,63.65,17.29,2397.99,0.2275,10
ADANIGREEN,2025-05-16,1020.1,63.88,7.64,938.53,0.2356,10
ADANIPORTS,2025-05-16,1407.4,72.69,10.16,1293.61,0.2912,10
ADANIPOWER,2025-05-16,565.5,59.33,0.18,547.34,0.349,10
ATGL,2025-05-16,681.6,65.03,5.52,627.19,0.3844,10
ABCAPITAL,2025-05-16,218.24,66.71,1.25,202.3,0.1477,10
ABFRL,2025-05-16,278.1,60.64,1.23,267.28,0.1676,10
ABREL,2025-05-16,2145.3,68.25,24.97,1937.4,0.2479,10
ABSLAMC,2025-05-16,707.95,65.8,4.52,659.44,0.3775,10
AEGISLOG,2025-05-16,867.55,69.16,6.4,797.07,0.245,10
AFCONS,2025-05-16,465.9,62.51,5.55,433.59,0.125,10
AFFLE,2025-05-16,1720.0,67.91,12.61,1594.45,0.2918,10
AJANTPHARM,2025-05-16,2603.6,50.48,-3.13,2627.77,0.2712,10
AKUMS,2025-05-16,546.4,63.36,3.0,517.85,0.2691,10
APLLTD,2025-05-16,912.95,60.36,2.23,884.88,0.104,10
ALIVUS,2025-05-16,1142.6,58.37,8.78,1088.32,0.3628,10
ALKEM,2025-05-16,5221.0,61.9,12.95,5073.95,0.0306,10
ALKYLAMINE,2025-05-16,1770.2,55.0,-0.92,1760.68,0.1404,10
ALOKINDS,2025-05-16,18.46,63.4,0.13,17.2,0.2338,10
ARE&M,2025-05-16,1035.75,61.19,7.47,991.86,0.0638,10
AMBER,2025-05-16,6403.5,52.41,30.88,6288.35,0.1393,10
AMBUJACEM,2025-05-16,563.5,61.46,0.19,548.28,0.1389,10
ANANDRATHI,2025-05-16,1816.3,60.04,14.51,1736.23,0.2471,10
ANANTRAJ,2025-05-16,514.1,61.99,6.33,465.73,0.3788,10
ANGELONE,2025-05-16,2800.6,73.0,33.31,2430.86,0.2842,10
APARINDS,2025-05-16,8228.0,86.37,282.25,5953.15,0.0691,10
APOLLOHOSP,2025-05-16,7015.0,56.63,-16.12,6994.42,0.2465,10
APOLLOTYRE,2025-05-16,494.25,64.14,-0.52,472.54,0.1385,10
APTUS,2025-05-16,326.8,58.5,-0.32,322.89,0.393,10
ASAHIINDIA,2025-05-16,750.8,61.36,0.26,726.02,0.1278,10
ASHOKLEY,2025-05-16,237.33,63.87,1.1,226.87,0.2753,10
ASIANPAINT,2025-05-16,2353.6,48.82,-13.11,2393.55,0.0559,10
ASTERDM,2025-05-16,589.85,82.63,4.98,528.08,0.2507,10
ASTRAZEN,2025-05-16,7837.5,37.85,-94.74,8444.8,0.0568,10
ASTRAL,2025-05-16,1359.7,56.02,2.27,1337.05,0.268,10
ATUL,2025-05-16,6787.0,64.28,-17.95,6592.95,0.3606,10
AUROPHARMA,2025-05-16,1201.2,51.8,-2.32,1210.86,0.1728,10
AIIL,2025-05-16,2150.2,71.72,35.86,1853.76,0.0977,10
DMART,2025-05-16,4189.7,57.17,-16.67,4190.35,0.1378,10
AXISBANK,2025-05-16,1208.8,62.74,-1.37,1189.43,0.1864,10
BASF,2025-05-16,4572.6,56.86,15.45,4475.69,0.0901,10
BEML,2025-05-16,3654.1,73.28,35.44,3187.08,0.1385,10
BLS,2025-05-16,393.75,60.49,4.34,369.98,0.3113,10
BSE,2025-05-16,7279.0,68.9,36.97,6607.9,0.1592,10
BAJAJ-AUTO,2025-05-16,8482.5,64.81,50.33,8053.2,0.1862,10
BAJFINANCE,2025-05-16,9167.0,56.62,13.34,9031.8,0.4341,10
BAJAJFINSV,2025-05-16,2033.6,54.14,-4.28,2036.74,0.0526,10
BAJAJHLDNG,2025-05-16,13111.0,65.76,95.48,12115.45,0.1121,9
BAJAJHFL,2025-05-16,123.9,54.2,-0.15,124.02,0.2794,10
BALKRISIND,2025-05-16,2709.7,58.02,3.13,2651.83,0.0122,10
BALRAMCHIN,2025-05-16,558.7,53.46,-2.31,561.76,-0.0412,10
BANDHANBNK,2025-05-16,170.09,62.44,0.1,164.43,0.1304,10
BANKBARODA,2025-05-16,236.92,52.96,-1.37,239.88,0.1308,10
BANKINDIA,2025-05-16,114.33,55.29,-0.4,114.57,0.2977,10
MAHABANK,2025-05-16,51.06,62.61,0.09,49.42,0.2201,10
BATAINDIA,2025-05-16,1248.5,58.69,4.8,1214.8,0.0998,10
BAYERCROP,2025-05-16,5040.7,63.92,30.63,4812.02,0.2032,10
BERGEPAINT,2025-05-16,576.1,66.84,0.64,554.73,0.1818,10
BDL,2025-05-16,1842.0,77.96,28.89,1539.68,0.3481,10
BEL,2025-05-16,363.9,80.92,4.51,316.55,0.2302,10
BHARATFORG,2025-05-16,1263.0,68.25,16.19,1142.05,0.0507,10
BHEL,2025-05-16,250.35,68.74,1.85,229.59,0.2826,10
BPCL,2025-05-16,320.1,64.62,-0.58,308.98,0.2493,10
BHARTIARTL,2025-05-16,1814.0,48.74,-9.81,1856.06,0.0713,10
BHARTIHEXA,2025-05-16,1668.7,57.4,-9.19,1668.46,0.2051,10
BIKAJI,2025-05-16,717.65,56.64,-0.55,710.0,0.3065,10
BIOCON,2025-05-16,339.4,55.13,1.38,330.68,0.2501,10
BSOFT,2025-05-16,429.7,65.43,5.74,398.07,0.0254,10
BLUEDART,2025-05-16,6947.5,70.64,35.37,6580.98,0.2541,10
BLUESTARCO,2025-05-16,1563.2,25.1,-8.09,1731.56,0.1927,10
BBTC,2025-05-16,1909.2,57.05,-0.96,1868.15,0.2369,10
BOSCHLTD,2025-05-16,31655.0,73.63,198.44,29613.25,0.2372,10
FIRSTCRY,2025-05-16,358.8,56.25,3.83,341.61,0.0394,10
BRIGADE,2025-05-16,1108.6,65.03,8.03,1031.69,0.1667,10
BRITANNIA,2025-05-16,5501.5,60.39,-12.05,5441.07,0.2622,10
MAPMYINDIA,2025-05-16,2100.2,73.82,25.33,1876.94,0.3758,10
CCL,2025-05-16,761.2,70.27,8.07,667.61,0.4244,10
CESC,2025-05-16,165.19,57.63,-0.13,161.21,0.2703,10
CGPOWER,2025-05-16,696.45,68.03,6.98,639.14,0.1608,10
CRISIL,2025-05-16,5015.5,62.96,36.6,4756.57,0.246,10
CAMPUS,2025-05-16,258.35,63.69,2.01,246.37,0.5192,10
CANFINHOME,2025-05-16,754.2,65.46,0.86,724.29,0.2452,10
CANBK,2025-05-16,107.76,70.58,0.83,99.17,0.1904,10
CAPLIPOINT,2025-05-16,2010.0,58.27,17.74,1912.05,0.2062,10
CGCL,2025-05-16,167.44,52.9,0.48,165.54,0.1404,10
CARBORUNIV,2025-05-16,983.5,47.87,-4.78,1009.03,0.1528,9
CASTROLIND,2025-05-16,211.3,57.89,1.3,204.17,0.3752,10
CEATLTD,2025-05-16,3831.5,78.42,38.03,3411.56,0.1638,10
CENTRALBK,2025-05-16,36.49,46.14,0.3,36.61,0.1456,10
CDSL,2025-05-16,1408.8,67.39,5.02,1311.54,0.3468,10
CENTURYPLY,2025-05-16,736.15,57.4,3.76,716.48,0.2111,10
CERA,2025-05-16,6537.5,72.71,124.21,5780.32,0.1973,10
CHALET,2025-05-16,902.9,65.9,10.22,833.92,0.1677,10
CHAMBLFERT,2025-05-16,632.1,39.37,-11.21,682.29,0.0063,10
CHENNPETRO,2025-05-16,646.75,63.06,0.64,622.31,0.2723,10
CHOLAHLDNG,2025-05-16,1867.9,53.82,-9.45,1876.42,0.1386,5
CHOLAFIN,2025-05-16,1619.3,60.81,6.24,1557.56,0.0892,10
CIPLA,2025-05-16,1499.9,49.49,-4.42,1519.27,0.1788,10
CUB,2025-05-16,193.58,67.27,0.91,182.09,0.2863,10
CLEAN,2025-05-16,1294.2,68.85,13.3,1208.59,0.3208,10
COALINDIA,2025-05-16,404.8,61.95,1.7,393.16,0.23,10
COCHINSHIP,2025-05-16,2035.6,79.72,43.06,1557.01,0.314,10
COFORGE,2025-05-16,8426.0,70.21,131.89,7585.29,0.2222,10
COLPAL,2025-05-16,2689.7,61.68,-0.55,2623.55,0.0207,10
CAMS,2025-05-16,3890.9,57.34,-10.84,3816.85,0.2827,10
CONCORDBIO,2025-05-16,1498.9,42.35,5.39,1547.74,0.0922,10
CONCOR,2025-05-16,730.5,62.87,3.39,689.1,0.0427,10
COROMANDEL,2025-05-16,2450.9,70.16,9.7,2285.51,0.1229,10
CRAFTSMAN,2025-05-16,5249.6,64.06,60.9,4872.98,0.1843,10
CREDITACC,2025-05-16,1204.7,63.37,2.1,1147.21,0.15,10
CROMPTON,2025-05-16,351.25,58.72,1.4,334.84,0.4,10
CUMMINSIND,2025-05-16,3035.6,60.4,15.0,2887.28,0.1436,10
CYIENT,2025-05-16,1304.3,62.74,16.3,1217.47,0.0786,10
DCMSHRIRAM,2025-05-16,1040.9,52.77,3.93,1029.93,0.394,10
DLF,2025-05-16,715.9,60.66,4.65,677.17,0.2442,10
DOMS,2025-05-16,2848.2,55.58,6.6,2811.32,0.0474,10
DABUR,2025-05-16,476.65,48.3,-0.06,478.71,0.3116,10
DALBHARAT,2025-05-16,2070.1,68.43,7.82,1964.12,0.1575,10
DATAPATTNS,2025-05-16,2868.2,78.12,37.64,2301.85,0.3429,10
DEEPAKFERT,2025-05-16,1345.1,65.65,0.99,1293.33,0.1265,10
DEEPAKNTR,2025-05-16,2110.9,61.94,13.31,1985.72,0.2883,10
DELHIVERY,2025-05-16,320.85,69.41,0.89,305.72,0.3851,10
DEVYANI,2025-05-16,186.89,66.66,-0.02,176.57,0.0888,10
DIVISLAB,2025-05-16,6279.5,62.89,12.59,6052.2,-0.0013,10
DIXON,2025-05-16,16660.0,61.87,-46.41,16215.05,0.111,10
LALPATHLAB,2025-05-16,2799.6,56.57,-9.22,2788.4,0.3258,10
DRREDDY,2025-05-16,1230.7,64.36,6.63,1184.99,0.2971,10
EIDPARRY,2025-05-16,960.8,78.65,9.82,860.37,0.3704,10
EIHOTEL,2025-05-16,375.2,54.7,-0.53,371.46,0.2801,10
EICHERMOT,2025-05-16,5509.5,53.52,-20.95,5548.45,0.1585,10
ELECON,2025-05-16,663.25,73.31,7.18,581.25,0.0812,10
ELGIEQUIP,2025-05-16,478.55,56.64,3.76,458.91,0.1589,10
EMAMILTD,2025-05-16,636.3,56.79,-2.07,630.4,0.2756,10
EMCURE,2025-05-16,1064.4,57.67,2.86,1045.0,0.1594,10
ENDURANCE,2025-05-16,2214.4,75.08,29.74,1995.92,0.2201,10
ENGINERSIN,2025-05-16,193.53,65.79,0.9,181.27,0.2255,10
ERIS,2025-05-16,1464.6,54.91,-4.77,1456.19,0.0888,10
ESCORTS,2025-05-16,3551.5,66.97,26.72,3342.52,0.1009,10
EXIDEIND,2025-05-16,393.05,62.42,1.95,373.75,0.0982,10
NYKAA,2025-05-16,201.8,69.64,-0.18,194.56,0.1278,10
FEDERALBNK,2025-05-16,199.03,57.11,0.3,195.94,0.3163,10
FACT,2025-05-16,881.6,75.23,8.65,787.94,0.2904,10
FINCABLES,2025-05-16,961.65,66.29,7.28,896.08,0.2204,10
FINPIPE,2025-05-16,191.57,62.83,2.02,178.52,0.1078,10
FSL,2025-05-16,368.75,61.98,4.16,345.33,0.1716,10
FIVESTAR,2025-05-16,679.2,41.03,-6.2,730.77,0.3975,10
FORTIS,2025-05-16,700.05,60.69,1.32,675.44,0.1057,10
GAIL,2025-05-16,186.28,52.96,-1.07,188.35,0.2873,10
GVT&D,2025-05-16,1771.1,100.0,0.0,1771.1,-0.0051,10
GMRAIRPORT,2025-05-16,91.07,65.38,-0.1,87.39,0.2054,10
GRSE,2025-05-16,2481.7,80.41,53.71,1878.36,0.3334,10
GICRE,2025-05-16,436.25,60.13,0.56,420.68,0.2232,10
GILLETTE,2025-05-16,8610.0,69.3,51.29,8066.68,0.3489,10
GLAND,2025-05-16,1469.4,54.45,10.07,1435.96,-0.0047,10
GLAXO,2025-05-16,2828.6,51.32,-7.85,2842.68,0.0653,10
GLENMARK,2025-05-16,1448.6,56.22,7.25,1402.07,0.2699,10
MEDANTA,2025-05-16,1201.1,46.53,1.19,1220.13,0.2607,10
GODIGIT,2025-05-16,299.55,55.43,0.87,295.34,0.4141,10
GPIL,2025-05-16,201.71,59.74,1.65,191.35,0.0872,10
GODFRYPHLP,2025-05-16,8718.5,62.03,-7.32,8326.95,0.2408,10
GODREJAGRO,2025-05-16,732.7,49.93,1.37,735.42,0.0343,10
GODREJCP,2025-05-16,1299.5,70.28,-1.11,1256.35,0.0299,10
GODREJIND,2025-05-16,1143.3,53.95,3.18,1121.63,0.0684,10
GODREJPROP,2025-05-16,2176.1,56.0,2.91,2113.61,0.1274,10
GRANULES,2025-05-16,505.6,63.72,6.96,467.61,0.2651,10
GRAPHITE,2025-05-16,486.4,57.7,2.2,467.98,0.1704,10
GRASIM,2025-05-16,2804.2,61.17,0.23,2735.6,0.3038,10
GRAVITA,2025-05-16,2030.2,62.99,7.77,1893.11,0.4698,10
GESHIP,2025-05-16,972.75,63.34,7.42,896.22,0.5287,10
FLUOROCHEM,2025-05-16,3912.7,53.19,-4.72,3906.56,0.0872,10
GUJGASLTD,2025-05-16,469.45,61.13,-0.19,458.55,-0.0931,10
GMDCLTD,2025-05-16,354.6,70.91,2.36,315.39,0.2615,10
GNFC,2025-05-16,510.45,57.73,2.58,494.91,-0.0083,10
GPPL,2025-05-16,144.96,59.63,0.86,139.73,0.0873,10
GSPL,2025-05-16,350.4,69.0,2.06,326.61,0.2794,10
HEG,2025-05-16,490.6,60.73,1.48,467.19,0.319,10
HBLENGINE,2025-05-16,568.75,66.82,8.3,510.73,0.3056,10
HCLTECH,2025-05-16,1659.9,61.71,13.53,1572.86,0.1081,10
HDFCAMC,2025-05-16,4737.3,67.74,17.69,4455.69,0.2508,10
HDFCBANK,2025-05-16,1934.7,57.79,-5.85,1925.72,0.236,10
HDFCLIFE,2025-05-16,750.55,66.97,0.61,725.03,0.159,10
HFCL,2025-05-16,88.43,60.83,1.17,82.03,0.4114,10
HAPPSTMNDS,2025-05-16,604.6,52.71,3.9,591.12,0.5125,10
HAVELLS,2025-05-16,1577.4,51.56,-3.78,1596.74,0.1959,10
HEROMOTOCO,2025-05-16,4345.3,74.41,48.8,3929.53,0.4667,10
HSCL,2025-05-16,461.9,57.55,1.2,449.19,0.2786,10
HINDALCO,2025-05-16,657.55,57.9,4.76,632.04,0.2982,10
HAL,2025-05-16,5127.7,76.9,38.6,4496.47,0.3564,10
HINDCOPPER,2025-05-16,226.0,55.87,1.86,218.03,0.1629,10
HINDPETRO,2025-05-16,410.05,64.82,-0.31,392.57,0.1282,10
HINDUNILVR,2025-05-16,2381.4,57.69,-1.85,2356.28,0.1071,10
HINDZINC,2025-05-16,442.3,54.17,1.11,436.25,0.2425,10
POWERINDIA,2025-05-16,15803.0,64.93,102.17,14637.75,0.5339,10
HOMEFIRST,2025-05-16,1166.8,52.39,-10.13,1201.96,0.086,10
HONASA,2025-05-16,261.7,70.26,1.0,245.36,0.0809,10
HONAUT,2025-05-16,38820.0,76.09,395.72,35101.75,0.3086,10
HUDCO,2025-05-16,233.86,61.32,-0.45,223.81,0.2185,10
HYUNDAI,2025-05-16,1855.6,70.78,14.95,1732.37,0.2256,10
ICICIBANK,2025-05-16,1454.0,63.86,-2.05,1425.58,0.2517,10
ICICIGI,2025-05-16,1849.6,53.72,-0.72,1842.72,0.1516,10
ICICIPRULI,2025-05-16,615.6,61.2,0.65,601.96,0.0694,10
IDBI,2025-05-16,86.0,62.92,0.5,81.75,0.2497,10
IDFCFIRSTB,2025-05-16,69.26,65.21,0.04,67.1,0.1514,10
IFCI,2025-05-16,51.77,71.72,0.77,43.65,0.1824,10
IIFL,2025-05-16,413.95,70.46,4.85,372.57,0.1087,10
INOXINDIA,2025-05-16,1160.55,76.6,15.83,1027.15,0.2263,10
IRB,2025-05-16,51.21,68.41,0.56,47.25,0.3511,10
IRCON,2025-05-16,188.88,72.59,3.1,161.13,0.091,10
ITC,2025-05-16,435.7,59.57,-0.4,430.06,0.1476,10
ITI,2025-05-16,279.5,62.4,2.25,263.02,0.2814,10
INDGN,2025-05-16,612.15,65.81,5.74,566.28,0.372,10
INDIACEM,2025-05-16,319.85,66.7,0.97,305.61,0.229,10
INDIAMART,2025-05-16,2350.2,60.68,1.21,2280.14,0.2208,10
INDIANB,2025-05-16,594.55,63.16,1.42,573.42,0.0303,10
IEX,2025-05-16,199.86,67.27,0.06,191.37,0.3104,10
INDHOTEL,2025-05-16,766.35,46.7,-2.76,786.99,0.369,10
IOC,2025-05-16,144.72,62.47,-0.08,140.52,0.2034,10
IOB,2025-05-16,37.86,50.47,0.34,37.38,0.0767,10
IRCTC,2025-05-16,809.05,66.7,3.97,762.62,0.2305,10
IRFC,2025-05-16,138.61,66.73,1.12,127.19,0.2241,10
IREDA,2025-05-16,173.29,58.37,0.23,168.29,0.3142,10
IGL,2025-05-16,209.2,63.31,1.51,194.9,0.2664,10
INDUSTOWER,2025-05-16,400.45,60.53,-1.11,395.75,0.2561,10
INDUSINDBK,2025-05-16,780.2,45.74,-6.05,813.35,0.3263,10
NAUKRI,2025-05-16,1509.5,64.11,11.77,1419.09,0.1629,10
INFY,2025-05-16,1589.9,58.48,18.08,1512.23,0.0835,10
INOXWIND,2025-05-16,179.82,59.63,1.06,170.25,0.3335,10
INTELLECT,2025-05-16,1074.55,83.73,25.28,839.98,0.4853,10
INDIGO,2025-05-16,5562.5,60.22,6.15,5398.12,0.0872,10
IGIL,2025-05-16,378.6,59.14,4.99,357.18,0.2262,10
IKS,2025-05-16,1670.4,69.23,27.67,1513.11,0.3388,10
IPCALAB,2025-05-16,1392.6,49.63,1.64,1401.59,0.2024,10
JBCHEPHARM,2025-05-16,1647.2,58.53,9.6,1591.13,0.0098,10
JKCEMENT,2025-05-16,5251.5,62.24,-0.92,5150.87,0.5536,10
JBMA,2025-05-16,726.05,62.56,2.12,682.24,0.3926,10
JKTYRE,2025-05-16,351.4,71.63,2.53,320.64,0.4618,10
JMFINANCIL,2025-05-16,115.18,72.24,1.34,104.37,0.1473,10
JSWENERGY,2025-05-16,503.85,56.09,3.15,484.19,0.512,10
JSWHL,2025-05-16,23930.0,51.78,-154.04,24441.25,0.2021,10
JSWINFRA,2025-05-16,288.25,45.8,-0.77,295.62,0.343,10
JSWSTEEL,2025-05-16,1021.8,54.04,3.75,1006.43,0.2009,10
JPPOWER,2025-05-16,15.11,58.29,0.05,14.65,0.3931,10
J&KBANK,2025-05-16,103.89,59.66,0.79,98.9,0.1427,10
JINDALSAW,2025-05-16,217.13,38.76,-2.22,239.94,0.2941,10
JSL,2025-05-16,663.1,71.58,10.42,592.46,0.1466,10
JINDALSTEL,2025-05-16,981.6,68.32,9.94,904.49,0.1265,10
JIOFIN,2025-05-16,277.0,70.05,1.23,258.22,0.3453,10
JUBLFOOD,2025-05-16,674.3,44.88,-4.49,698.77,0.6724,10
JUBLINGREA,2025-05-16,691.55,53.03,0.24,685.27,0.6135,10
JUBLPHARMA,2025-05-16,945.6,60.15,3.98,904.78,0.4586,10
JWL,2025-05-16,422.05,72.24,4.55,369.87,0.2676,10
JUSTDIAL,2025-05-16,951.85,59.46,-0.79,936.9,0.3783,10
JYOTHYLAB,2025-05-16,348.5,43.49,-4.74,369.46,0.1416,10
JYOTICNC,2025-05-16,1258.8,68.99,11.49,1141.86,0.1857,10
KPRMILL,2025-05-16,1175.9,61.22,4.33,1092.61,0.3764,10
KEI,2025-05-16,3463.2,68.77,42.96,3157.43,0.1437,10
KNRCON,2025-05-16,234.93,59.18,1.55,225.03,0.2123,10
KPITTECH,2025-05-16,1364.8,62.38,17.23,1259.93,0.3743,10
KAJARIACER,2025-05-16,947.8,73.8,15.9,833.55,0.1633,10
KPIL,2025-05-16,1093.8,67.69,12.82,980.08,0.3976,10
KALYANKJIL,2025-05-16,560.4,63.7,2.99,527.11,-0.1288,10
KANSAINER,2025-05-16,263.6,59.54,-0.24,260.72,0.2915,10
KARURVYSYA,2025-05-16,225.75,61.8,0.75,217.9,0.1535,10
KAYNES,2025-05-16,6262.5,66.51,15.65,5893.54,0.6585,10
KEC,2025-05-16,800.6,65.14,10.98,726.57,0.5517,10
KFINTECH,2025-05-16,1065.8,47.32,-17.03,1142.51,0.1141,10
KIRLOSBROS,2025-05-16,1885.8,61.5,11.53,1778.64,0.2855,5
KIRLOSENG,2025-05-16,895.5,75.22,13.63,747.06,0.1957,10
KOTAKBANK,2025-05-16,2108.2,47.39,-10.74,2160.51,0.0358,10
KIMS,2025-05-16,640.3,49.77,-4.95,658.55,0.1467,10
LTF,2025-05-16,174.87,60.75,0.18,170.13,0.2785,10
LTTS,2025-05-16,4474.2,56.9,47.39,4289.51,0.3417,10
LICHSGFIN,2025-05-16,621.1,60.49,0.89,603.53,0.1281,10
LTFOODS,2025-05-16,370.85,56.96,2.61,356.91,0.1909,10
LTIM,2025-05-16,5047.8,71.27,66.97,4626.86,0.1317,10
LT,2025-05-16,3604.7,70.43,32.0,3384.42,0.2654,10
LATENTVIEW,2025-05-16,422.85,62.05,1.66,407.2,0.265,10
LAURUSLABS,2025-05-16,603.05,48.69,-2.45,615.76,0.1859,10
LEMONTREE,2025-05-16,140.33,53.87,-0.03,139.54,0.1426,10
LICI,2025-05-16,857.0,66.8,5.0,808.95,0.2652,10
LINDEINDIA,2025-05-16,7178.0,73.28,89.02,6453.75,0.1615,10
LLOYDSME,2025-05-16,1306.6,57.64,8.19,1259.11,0.2465,10
LUPIN,2025-05-16,2068.4,52.93,0.06,2055.41,0.2079,10
MMTC,2025-05-16,61.77,65.04,0.59,56.56,0.0989,10
MRF,2025-05-16,140265.0,74.54,-76.98,134540.25,0.4611,10
LODHA,2025-05-16,1394.8,63.28,3.24,1310.78,0.156,10
MGL,2025-05-16,1391.4,55.62,2.65,1352.52,0.156,10
MAHSEAMLES,2025-05-16,696.8,57.17,4.02,672.61,0.1814,10
M&MFIN,2025-05-16,266.95,54.33,1.51,260.86,0.1945,10
M&M,2025-05-16,3135.6,65.71,13.01,2969.77,0.1945,10
MANAPPURAM,2025-05-16,229.48,53.11,-0.52,229.84,0.094,10
MRPL,2025-05-16,138.0,58.32,0.03,134.63,0.1212,10
MANKIND,2025-05-16,2572.7,60.03,7.13,2510.67,0.2444,10
MARICO,2025-05-16,724.4,58.52,-2.52,717.5,0.2838,10
MARUTI,2025-05-16,12995.0,69.4,74.91,12252.55,0.2178,10
MASTEK,2025-05-16,2343.1,62.68,30.41,2195.95,0.2212,10
MFSL,2025-05-16,1355.2,74.55,2.33,1282.93,0.1924,10
MAXHEALTH,2025-05-16,1167.1,58.2,4.67,1126.26,0.0859,10
MAZDOCK,2025-05-16,3522.4,75.41,35.96,2928.7,0.2166,10
METROPOLIS,2025-05-16,1648.9,47.16,-10.82,1697.71,0.1682,10
MINDACORP,2025-05-16,502.7,51.49,2.36,498.09,0.3373,10
MSUMI,2025-05-16,58.03,65.73,-0.01,56.17,0.0942,10
MOTILALOFS,2025-05-16,789.0,67.62,8.26,703.84,0.1308,10
MPHASIS,2025-05-16,2600.4,61.45,19.0,2465.49,0.3348,10
MCX,2025-05-16,6450.0,63.82,-1.31,6083.32,0.1129,10
MUTHOOTFIN,2025-05-16,2104.8,42.46,-5.29,2183.46,0.0397,10
NATCOPHARM,2025-05-16,841.15,52.62,-1.63,842.9,0.1466,10
NBCC,2025-05-16,111.08,71.73,1.05,98.82,0.3751,10
NCC,2025-05-16,227.19,59.82,0.87,217.74,0.3005,10
NHPC,2025-05-16,89.71,62.6,0.23,85.47,0.2023,10
NLCINDIA,2025-05-16,238.93,57.11,0.79,232.82,0.2452,10
NMDC,2025-05-16,70.27,62.15,0.52,66.69,0.2559,10
NSLNISP,2025-05-16,38.5,65.1,0.37,36.02,0.0366,10
NTPCGREEN,2025-05-16,104.71,58.15,0.17,102.8,0.4049,10
NTPC,2025-05-16,343.1,46.42,-1.6,350.74,0.1748,10
NH,2025-05-16,1774.6,54.64,-9.46,1792.93,0.2001,10
NATIONALUM,2025-05-16,177.19,61.23,3.18,161.73,0.331,10
NAVA,2025-05-16,474.05,54.05,1.08,464.41,0.2495,10
NAVINFLUOR,2025-05-16,4242.1,43.12,-44.24,4424.44,0.1937,10
NESTLEIND,2025-05-16,2408.8,61.8,-1.78,2381.87,0.0336,10
NETWEB,2025-05-16,1831.8,70.94,34.5,1576.19,0.361,10
NETWORK18,2025-05-16,47.6,63.87,0.46,44.56,0.1906,10
NEULANDLAB,2025-05-16,11056.0,36.7,-122.31,12386.8,0.195,10
NEWGEN,2025-05-16,1158.95,65.52,11.18,1055.24,0.3715,10
NAM-INDIA,2025-05-16,727.85,69.03,6.38,656.4,0.4656,10
NIVABUPA,2025-05-16,90.41,66.18,0.27,83.34,0.2434,10
NUVAMA,2025-05-16,6707.0,67.81,70.79,6159.75,0.3072,10
OBEROIRLTY,2025-05-16,1676.2,57.42,4.27,1623.57,0.2124,10
ONGC,2025-05-16,247.27,56.38,0.36,244.08,0.2969,10
OIL,2025-05-16,423.9,63.41,1.62,406.02,0.2285,10
OLAELEC,2025-05-16,52.12,55.58,0.57,50.14,0.1582,10
OLECTRA,2025-05-16,1286.8,63.48,10.69,1202.29,0.2605,10
PAYTM,2025-05-16,852.35,52.22,-4.58,861.4,0.094,10
OFSS,2025-05-16,8696.5,62.11,20.51,8322.21,0.1948,10
POLICYBZR,2025-05-16,1756.2,61.12,12.53,1661.02,0.1214,10
PCBL,2025-05-16,395.0,54.68,2.6,384.44,0.0682,10
PGEL,2025-05-16,804.05,42.54,-5.29,864.67,0.2489,10
PIIND,2025-05-16,3769.7,64.16,-3.32,3661.64,-0.0369,10
PNBHOUSING,2025-05-16,1072.1,62.54,-1.15,1032.76,0.2996,10
PNCINFRA,2025-05-16,280.2,62.6,1.11,266.78,0.3026,10
PTCIL,2025-05-16,14269.0,61.69,133.06,13406.3,0.2586,10
PVRINOX,2025-05-16,1017.4,62.19,5.91,964.11,0.1699,10
PAGEIND,2025-05-16,47830.0,66.06,78.16,45778.5,0.1357,10
PATANJALI,2025-05-16,1785.0,40.93,-14.32,1878.36,0.263,10
PERSISTENT,2025-05-16,5699.0,61.23,41.89,5391.65,0.1549,10
PETRONET,2025-05-16,320.6,64.63,0.53,311.98,0.0912,10
PFIZER,2025-05-16,4413.2,65.96,13.04,4284.12,0.0854,10
PHOENIXLTD,2025-05-16,1550.9,47.71,-1.8,1580.63,0.3332,10
PIDILITIND,2025-05-16,3091.2,62.35,2.38,3037.85,0.396,10
PEL,2025-05-16,1104.75,66.63,8.91,1021.41,0.0426,10
PPLPHARMA,2025-05-16,204.87,42.16,-0.64,214.01,0.0676,10
POLYMED,2025-05-16,2419.2,48.73,-37.65,2524.19,0.1705,10
POLYCAB,2025-05-16,6094.5,70.35,31.66,5711.52,0.1985,10
POONAWALLA,2025-05-16,395.15,61.05,-1.29,385.97,0.2762,10
PFC,2025-05-16,417.75,54.28,-0.1,413.43,0.1475,10
POWERGRID,2025-05-16,300.2,49.64,-2.26,306.86,0.0449,10
PRAJIND,2025-05-16,492.35,50.19,3.17,488.18,0.1341,10
PREMIERENE,2025-05-16,1125.95,72.46,10.03,1002.63,0.5387,10
PRESTIGE,2025-05-16,1433.2,65.3,5.96,1335.51,0.2472,10
PNB,2025-05-16,98.91,54.65,-0.14,98.74,0.3416,10
RRKABEL,2025-05-16,1315.9,80.91,22.02,1121.03,0.4629,10
RBLBANK,2025-05-16,212.68,67.22,0.35,199.83,0.3088,10
RECLTD,2025-05-16,406.45,48.45,-2.42,416.87,0.078,10
RHIM,2025-05-16,464.45,56.12,1.17,453.72,0.1419,10
RITES,2025-05-16,286.99,76.92,4.63,234.78,0.1566,10
RADICO,2025-05-16,2571.6,61.49,2.75,2498.41,0.2295,10
RVNL,2025-05-16,409.6,69.9,5.04,360.76,0.3547,10
RAILTEL,2025-05-16,383.55,73.68,7.29,319.95,0.4549,10
RAINBOW,2025-05-16,1367.8,47.29,-3.04,1389.78,0.1325,10
RKFORGE,2025-05-16,623.7,45.37,3.7,625.28,0.0624,10
RCF,2025-05-16,150.62,66.6,0.96,140.38,0.3704,10
RTNINDIA,2025-05-16,48.62,67.0,0.66,43.86,0.2294,10
RAYMONDLSL,2025-05-16,1008.8,50.43,7.41,996.16,0.0988,10
RAYMOND,2025-05-16,607.6,21.21,-116.43,1392.37,0.1723,10
REDINGTON,2025-05-16,280.16,73.52,3.58,251.43,0.1469,10
RELIANCE,2025-05-16,1456.4,70.13,3.35,1379.3,0.3745,10
RPOWER,2025-05-16,45.07,64.02,0.4,41.84,0.2417,10
ROUTE,2025-05-16,981.65,53.96,0.82,971.14,0.346,10
SBFC,2025-05-16,107.87,65.16,0.38,102.64,0.2135,10
SBICARD,2025-05-16,912.0,57.21,0.83,895.94,0.1569,10
SBILIFE,2025-05-16,1773.4,65.88,-1.54,1712.25,0.3973,10
SJVN,2025-05-16,104.2,66.19,0.76,95.74,0.3247,10
SKFINDIA,2025-05-16,4574.8,86.58,57.61,4007.25,0.3772,10
SRF,2025-05-16,2914.9,47.03,-15.16,2981.09,0.1918,10
SAGILITY,2025-05-16,46.78,63.08,0.69,42.58,0.4204,10
SAILIFE,2025-05-16,750.65,58.48,5.27,716.93,0.349,10
SAMMAANCAP,2025-05-16,125.2,58.73,0.52,121.54,0.2302,10
MOTHERSON,2025-05-16,147.04,63.87,0.71,137.66,0.2805,10
SAPPHIRE,2025-05-16,331.0,62.3,0.08,315.94,0.0195,10
SARDAEN,2025-05-16,454.75,47.28,1.79,459.38,0.2959,10
SAREGAMA,2025-05-16,540.15,51.71,-1.05,545.74,0.2209,10
SCHAEFFLER,2025-05-16,4085.3,80.77,57.32,3548.96,0.3498,10
SCHNEIDER,2025-05-16,653.05,62.32,9.02,600.84,0.1065,10
SCI,2025-05-16,188.77,63.71,0.53,174.9,0.357,10
SHREECEM,2025-05-16,31615.0,67.39,140.05,30258.5,0.0566,10
RENUKA,2025-05-16,31.85,65.53,0.36,29.35,0.1419,10
SHRIRAMFIN,2025-05-16,665.5,55.23,3.36,649.2,0.3279,10
SHYAMMETL,2025-05-16,937.75,66.31,3.86,892.16,0.3072,9
SIEMENS,2025-05-16,3069.5,40.96,94.27,2910.86,0.353,10
SIGNATURE,2025-05-16,1236.1,68.04,6.27,1156.97,0.1509,10
SOBHA,2025-05-16,1372.5,63.36,6.41,1287.2,0.0408,10
SOLARINDS,2025-05-16,14025.0,73.76,-16.73,13211.75,0.3852,10
SONACOMS,2025-05-16,542.85,65.85,5.92,492.92,0.0768,10
SONATSOFTW,2025-05-16,397.8,56.2,1.54,375.91,-0.0528,10
STARHEALTH,2025-05-16,450.9,76.63,6.2,389.7,0.164,10
SBIN,2025-05-16,792.1,58.86,-0.09,783.55,0.2691,10
SAIL,2025-05-16,122.48,61.63,0.94,115.74,0.2082,10
SWSOLAR,2025-05-16,297.95,59.48,1.17,285.78,0.1263,10
SUMICHEM,2025-05-16,538.45,55.85,1.26,523.83,0.2236,10
SUNPHARMA,2025-05-16,1734.9,47.78,-10.97,1772.32,0.2757,10
SUNTV,2025-05-16,629.2,51.25,-0.42,630.35,0.1064,10
SUNDARMFIN,2025-05-16,5094.5,52.35,-28.82,5175.34,0.0825,8
SUNDRMFAST,2025-05-16,981.5,65.15,6.62,936.32,0.0478,4
SUPREMEIND,2025-05-16,3681.9,63.01,18.51,3528.6,0.4914,10
SUVENPHAR,2025-05-16,1079.2,43.57,-6.48,1128.02,0.0738,5
SUZLON,2025-05-16,61.08,62.41,0.52,57.45,0.5106,10
SWANENERGY,2025-05-16,455.55,60.96,4.97,422.57,0.3849,10
SWIGGY,2025-05-16,321.2,47.22,-0.33,326.06,0.0538,10
SYNGENE,2025-05-16,645.4,46.29,2.52,649.96,0.1564,10
SYRMA,2025-05-16,529.65,59.25,4.53,500.16,0.2015,10
TBOTEK,2025-05-16,1237.6,61.41,22.94,1115.84,0.0589,10
TVSMOTOR,2025-05-16,2841.5,63.41,-4.77,2744.95,0.3899,10
TANLA,2025-05-16,571.55,70.03,10.11,497.13,0.2637,10
TATACHEM,2025-05-16,859.5,56.53,2.18,840.97,-0.0422,10
TATACOMM,2025-05-16,1632.3,60.77,5.2,1574.8,0.1687,10
TCS,2025-05-16,3561.3,58.21,22.16,3453.6,-0.0115,10
TATACONSUM,2025-05-16,1168.0,63.71,-5.06,1144.09,0.2129,10
TATAELXSI,2025-05-16,6212.0,67.49,51.59,5763.0,0.2094,10
TATAINVEST,2025-05-16,6209.0,57.12,23.18,6082.9,0.177,10
TATAMOTORS,2025-05-16,730.7,65.78,7.69,673.03,0.1484,10
TATAPOWER,2025-05-16,405.8,63.82,1.38,387.86,0.1391,10
TATASTEEL,2025-05-16,157.55,67.67,1.99,144.57,0.189,10
TATATECH,2025-05-16,750.9,67.48,8.31,686.11,0.1321,10
TTML,2025-05-16,60.62,57.75,0.46,58.18,0.2326,10
TECHM,2025-05-16,1617.0,73.97,17.9,1491.74,0.1199,10
TECHNOE,2025-05-16,1280.1,74.77,16.0,1114.01,0.1483,10
TEJASNET,2025-05-16,740.6,48.48,-1.43,756.73,0.0279,10
NIACL,2025-05-16,179.03,64.75,0.44,170.8,0.3389,10
RAMCOCEM,2025-05-16,1004.15,70.09,2.31,966.64,0.1714,10
THERMAX,2025-05-16,3426.6,55.39,16.19,3353.25,0.1602,10
TIMKEN,2025-05-16,3096.0,76.09,46.68,2700.48,0.0774,10
TITAGARH,2025-05-16,912.85,73.46,15.61,766.59,0.296,10
TITAN,2025-05-16,3633.7,78.49,22.6,3419.97,0.3274,10
TORNTPHARM,2025-05-16,3266.8,53.06,-5.53,3264.42,-0.0479,10
TORNTPOWER,2025-05-16,1442.8,45.5,-12.89,1505.68,0.0515,10
TARIL,2025-05-16,504.25,51.11,-2.39,510.97,0.4665,10
TRENT,2025-05-16,5583.0,59.97,34.47,5299.78,0.2906,10
TRIDENT,2025-05-16,29.38,62.51,0.13,27.96,0.2603,10
TRIVENI,2025-05-16,430.1,60.53,0.53,416.41,0.2832,10
TRITURBINE,2025-05-16,605.15,66.05,11.21,532.63,0.0871,10
TIINDIA,2025-05-16,3044.6,62.17,19.24,2821.71,0.1769,10
UCOBANK,2025-05-16,30.98,48.62,0.26,30.67,0.0831,10
UNOMINDA,2025-05-16,989.5,66.27,10.5,918.87,0.1132,10
UPL,2025-05-16,644.2,44.96,-5.26,667.7,0.1612,10
UTIAMC,2025-05-16,1120.2,62.29,6.6,1056.37,0.0612,10
ULTRACEMCO,2025-05-16,11905.0,58.02,-14.99,11813.0,0.168,10
UNIONBANK,2025-05-16,133.02,59.89,0.86,126.75,0.293,10
UBL,2025-05-16,2050.6,43.89,-19.84,2146.12,0.2917,10
UNITDSPR,2025-05-16,1540.3,55.5,-9.0,1551.37,0.4779,10
USHAMART,2025-05-16,311.6,53.27,1.96,304.07,0.0025,9
VGUARD,2025-05-16,375.0,61.97,0.44,365.6,0.08,10
DBREALTY,2025-05-16,191.05,65.47,0.19,179.24,0.2218,10
VTL,2025-05-16,499.8,64.87,0.04,477.3,0.0025,10
VBL,2025-05-16,501.65,42.49,-2.66,522.39,0.2767,10
MANYAVAR,2025-05-16,751.6,45.28,-1.41,766.76,0.0709,10
VEDL,2025-05-16,441.2,60.34,4.32,420.19,0.0738,10
VIJAYA,2025-05-16,909.8,37.01,-14.31,1013.14,0.1184,10
VMM,2025-05-16,126.27,65.28,0.82,117.97,0.3077,10
IDEA,2025-05-16,7.37,52.76,0.03,7.28,0.3045,10
VOLTAS,2025-05-16,1261.4,47.43,6.07,1258.54,0.231,10
WAAREEENER,2025-05-16,2921.1,67.83,15.7,2677.68,0.3587,10
WELCORP,2025-05-16,781.9,51.83,3.82,768.19,0.2574,10
WELSPUNLIV,2025-05-16,149.07,64.37,1.79,134.76,0.135,10
WESTLIFE,2025-05-16,694.5,48.4,0.51,700.9,0.2608,10
WHIRLPOOL,2025-05-16,1296.4,68.04,0.48,1211.22,0.0723,10
WIPRO,2025-05-16,254.31,54.32,2.83,244.34,0.1982,10
WOCKPHARMA,2025-05-16,1330.4,51.78,0.83,1325.55,0.304,10
YESBANK,2025-05-16,21.55,80.64,0.35,18.96,0.6505,10
ZFCVINDIA,2025-05-16,13221.0,59.3,65.88,12772.6,0.0129,10
ZEEL,2025-05-16,129.67,73.01,1.85,114.29,0.2907,10
ZENTEC,2025-05-16,1794.8,77.0,36.22,1472.96,0.0149,10
ZENSARTECH,2025-05-16,798.75,66.92,11.4,723.61,0.1997,10
ZYDUSLIFE,2025-05-16,902.7,56.75,3.88,879.58,0.2263,10
ECLERX,2025-05-16,3301.8,79.04,89.16,2619.61,0.1764,10
