symbol,date,close,rsi,macd,sma20
360ONE,2025-05-16,1000.55,57.5,5.11,968.58
3MINDIA,2025-05-16,29680.0,54.9,-102.46,29729.75
ABB,2025-05-16,5820.0,65.26,30.27,5546.06
ACC,2025-05-16,1928.4,53.26,0.12,1921.98
ACMESOLAR,2025-05-16,234.12,65.46,1.76,217.94
AIAENG,2025-05-16,3309.7,61.87,22.81,3179.98
APLAPOLLO,2025-05-16,1785.4,77.89,12.05,1653.47
AUBANK,2025-05-16,684.85,62.87,-3.47,674.08
AWL,2025-05-16,270.35,53.29,-0.48,270.37
AADHARHFC,2025-05-16,457.4,51.66,-3.34,463.57
AARTIIND,2025-05-16,474.65,66.15,2.57,442.64
AAVAS,2025-05-16,1789.6,41.35,-14.16,1919.5
ABBOTINDIA,2025-05-16,30560.0,54.71,16.48,30314.75
ACE,2025-05-16,1259.0,58.94,5.84,1209.56
ADANIENSOL,2025-05-16,915.05,56.06,-3.48,907.16
ADANIENT,2025-05-16,2555.0,63.65,17.29,2397.99
ADANIGREEN,2025-05-16,1020.1,63.88,7.64,938.53
ADANIPORTS,2025-05-16,1407.4,72.69,10.16,1293.61
ADANIPOWER,2025-05-16,565.5,59.33,0.18,547.34
ATGL,2025-05-16,681.6,65.03,5.52,627.19
ABCAPITAL,2025-05-16,218.24,66.71,1.25,202.3
ABFRL,2025-05-16,278.1,60.64,1.23,267.28
ABREL,2025-05-16,2145.3,68.25,24.97,1937.4
ABSLAMC,2025-05-16,707.95,65.8,4.52,659.44
AEGISLOG,2025-05-16,867.55,69.16,6.4,797.07
AFCONS,2025-05-16,465.9,62.51,5.55,433.59
AFFLE,2025-05-16,1720.0,67.91,12.61,1594.45
AJANTPHARM,2025-05-16,2603.6,50.48,-3.13,2627.77
AKUMS,2025-05-16,546.4,63.36,3.0,517.85
APLLTD,2025-05-16,912.95,60.36,2.23,884.88
ALIVUS,2025-05-16,1142.6,58.37,8.78,1088.32
ALKEM,2025-05-16,5221.0,61.9,12.95,5073.95
ALKYLAMINE,2025-05-16,1770.2,55.0,-0.92,1760.68
ALOKINDS,2025-05-16,18.46,63.4,0.13,17.2
ARE&M,2025-05-16,1035.75,61.19,7.47,991.86
AMBER,2025-05-16,6403.5,52.41,30.88,6288.35
AMBUJACEM,2025-05-16,563.5,61.46,0.19,548.28
ANANDRATHI,2025-05-16,1816.3,60.04,14.51,1736.23
ANANTRAJ,2025-05-16,514.1,61.99,6.33,465.73
ANGELONE,2025-05-16,2800.6,73.0,33.31,2430.86
APARINDS,2025-05-16,8228.0,86.37,282.25,5953.15
APOLLOHOSP,2025-05-16,7015.0,56.63,-16.12,6994.42
APOLLOTYRE,2025-05-16,494.25,64.14,-0.52,472.54
APTUS,2025-05-16,326.8,58.5,-0.32,322.89
ASAHIINDIA,2025-05-16,750.8,61.36,0.26,726.02
ASHOKLEY,2025-05-16,237.33,63.87,1.1,226.87
ASIANPAINT,2025-05-16,2353.6,48.82,-13.11,2393.55
ASTERDM,2025-05-16,589.85,82.63,4.98,528.08
ASTRAZEN,2025-05-16,7837.5,37.85,-94.74,8444.8
ASTRAL,2025-05-16,1359.7,56.02,2.27,1337.05
ATUL,2025-05-16,6787.0,64.28,-17.95,6592.95
AUROPHARMA,2025-05-16,1201.2,51.8,-2.32,1210.86
AIIL,2025-05-16,2150.2,71.72,35.86,1853.76
DMART,2025-05-16,4189.7,57.17,-16.67,4190.35
AXISBANK,2025-05-16,1208.8,62.74,-1.37,1189.43
BASF,2025-05-16,4572.6,56.86,15.45,4475.69
BEML,2025-05-16,3654.1,73.28,35.44,3187.08
BLS,2025-05-16,393.75,60.49,4.34,369.98
BSE,2025-05-16,7279.0,68.9,36.97,6607.9
BAJAJ-AUTO,2025-05-16,8482.5,64.81,50.33,8053.2
BAJFINANCE,2025-05-16,9167.0,56.62,13.34,9031.8
BAJAJFINSV,2025-05-16,2033.6,54.14,-4.28,2036.74
BAJAJHLDNG,2025-05-16,13111.0,65.76,95.48,12115.45
BAJAJHFL,2025-05-16,123.9,54.2,-0.15,124.02
BALKRISIND,2025-05-16,2709.7,58.02,3.13,2651.83
BALRAMCHIN,2025-05-16,558.7,53.46,-2.31,561.76
BANDHANBNK,2025-05-16,170.09,62.44,0.1,164.43
BANKBARODA,2025-05-16,236.92,52.96,-1.37,239.88
BANKINDIA,2025-05-16,114.33,55.29,-0.4,114.57
MAHABANK,2025-05-16,51.06,62.61,0.09,49.42
BATAINDIA,2025-05-16,1248.5,58.69,4.8,1214.8
BAYERCROP,2025-05-16,5040.7,63.92,30.63,4812.02
BERGEPAINT,2025-05-16,576.1,66.84,0.64,554.73
BDL,2025-05-16,1842.0,77.96,28.89,1539.68
BEL,2025-05-16,363.9,80.92,4.51,316.55
BHARATFORG,2025-05-16,1263.0,68.25,16.19,1142.05
BHEL,2025-05-16,250.35,68.74,1.85,229.59
BPCL,2025-05-16,320.1,64.62,-0.58,308.98
BHARTIARTL,2025-05-16,1814.0,48.74,-9.81,1856.06
BHARTIHEXA,2025-05-16,1668.7,57.4,-9.19,1668.46
BIKAJI,2025-05-16,717.65,56.64,-0.55,710.0
BIOCON,2025-05-16,339.4,55.13,1.38,330.68
BSOFT,2025-05-16,429.7,65.43,5.74,398.07
BLUEDART,2025-05-16,6947.5,70.64,35.37,6580.98
BLUESTARCO,2025-05-16,1563.2,25.1,-8.09,1731.56
BBTC,2025-05-16,1909.2,57.05,-0.96,1868.15
BOSCHLTD,2025-05-16,31655.0,73.63,198.44,29613.25
FIRSTCRY,2025-05-16,358.8,56.25,3.83,341.61
BRIGADE,2025-05-16,1108.6,65.03,8.03,1031.69
BRITANNIA,2025-05-16,5501.5,60.39,-12.05,5441.07
MAPMYINDIA,2025-05-16,2100.2,73.82,25.33,1876.94
CCL,2025-05-16,761.2,70.27,8.07,667.61
CESC,2025-05-16,165.19,57.63,-0.13,161.21
CGPOWER,2025-05-16,696.45,68.03,6.98,639.14
CRISIL,2025-05-16,5015.5,62.96,36.6,4756.57
CAMPUS,2025-05-16,258.35,63.69,2.01,246.37
CANFINHOME,2025-05-16,754.2,65.46,0.86,724.29
CANBK,2025-05-16,107.76,70.58,0.83,99.17
CAPLIPOINT,2025-05-16,2010.0,58.27,17.74,1912.05
CGCL,2025-05-16,167.44,52.9,0.48,165.54
CARBORUNIV,2025-05-16,983.5,47.87,-4.78,1009.03
CASTROLIND,2025-05-16,211.3,57.89,1.3,204.17
CEATLTD,2025-05-16,3831.5,78.42,38.03,3411.56
CENTRALBK,2025-05-16,36.49,46.14,0.3,36.61
CDSL,2025-05-16,1408.8,67.39,5.02,1311.54
CENTURYPLY,2025-05-16,736.15,57.4,3.76,716.48
CERA,2025-05-16,6537.5,72.71,124.21,5780.32
CHALET,2025-05-16,902.9,65.9,10.22,833.92
CHAMBLFERT,2025-05-16,632.1,39.37,-11.21,682.29
CHENNPETRO,2025-05-16,646.75,63.06,0.64,622.31
CHOLAHLDNG,2025-05-16,1867.9,53.82,-9.45,1876.42
CHOLAFIN,2025-05-16,1619.3,60.81,6.24,1557.56
CIPLA,2025-05-16,1499.9,49.49,-4.42,1519.27
CUB,2025-05-16,193.58,67.27,0.91,182.09
CLEAN,2025-05-16,1294.2,68.85,13.3,1208.59
COALINDIA,2025-05-16,404.8,61.95,1.7,393.16
COCHINSHIP,2025-05-16,2035.6,79.72,43.06,1557.01
COFORGE,2025-05-16,8426.0,70.21,131.89,7585.29
COLPAL,2025-05-16,2689.7,61.68,-0.55,2623.55
CAMS,2025-05-16,3890.9,57.34,-10.84,3816.85
CONCORDBIO,2025-05-16,1498.9,42.35,5.39,1547.74
CONCOR,2025-05-16,730.5,62.87,3.39,689.1
COROMANDEL,2025-05-16,2450.9,70.16,9.7,2285.51
CRAFTSMAN,2025-05-16,5249.6,64.06,60.9,4872.98
CREDITACC,2025-05-16,1204.7,63.37,2.1,1147.21
CROMPTON,2025-05-16,351.25,58.72,1.4,334.84
CUMMINSIND,2025-05-16,3035.6,60.4,15.0,2887.28
CYIENT,2025-05-16,1304.3,62.74,16.3,1217.47
DCMSHRIRAM,2025-05-16,1040.9,52.77,3.93,1029.93
DLF,2025-05-16,715.9,60.66,4.65,677.17
DOMS,2025-05-16,2848.2,55.58,6.6,2811.32
DABUR,2025-05-16,476.65,48.3,-0.06,478.71
DALBHARAT,2025-05-16,2070.1,68.43,7.82,1964.12
DATAPATTNS,2025-05-16,2868.2,78.12,37.64,2301.85
DEEPAKFERT,2025-05-16,1345.1,65.65,0.99,1293.33
DEEPAKNTR,2025-05-16,2110.9,61.94,13.31,1985.72
DELHIVERY,2025-05-16,320.85,69.41,0.89,305.72
DEVYANI,2025-05-16,186.89,66.66,-0.02,176.57
DIVISLAB,2025-05-16,6279.5,62.89,12.59,6052.2
DIXON,2025-05-16,16660.0,61.87,-46.41,16215.05
LALPATHLAB,2025-05-16,2799.6,56.57,-9.22,2788.4
DRREDDY,2025-05-16,1230.7,64.36,6.63,1184.99
EIDPARRY,2025-05-16,960.8,78.65,9.82,860.37
EIHOTEL,2025-05-16,375.2,54.7,-0.53,371.46
EICHERMOT,2025-05-16,5509.5,53.52,-20.95,5548.45
ELECON,2025-05-16,663.25,73.31,7.18,581.25
ELGIEQUIP,2025-05-16,478.55,56.64,3.76,458.91
EMAMILTD,2025-05-16,636.3,56.79,-2.07,630.4
EMCURE,2025-05-16,1064.4,57.67,2.86,1045.0
ENDURANCE,2025-05-16,2214.4,75.08,29.74,1995.92
ENGINERSIN,2025-05-16,193.53,65.79,0.9,181.27
ERIS,2025-05-16,1464.6,54.91,-4.77,1456.19
ESCORTS,2025-05-16,3551.5,66.97,26.72,3342.52
EXIDEIND,2025-05-16,393.05,62.42,1.95,373.75
NYKAA,2025-05-16,201.8,69.64,-0.18,194.56
FEDERALBNK,2025-05-16,199.03,57.11,0.3,195.94
FACT,2025-05-16,881.6,75.23,8.65,787.94
FINCABLES,2025-05-16,961.65,66.29,7.28,896.08
FINPIPE,2025-05-16,191.57,62.83,2.02,178.52
FSL,2025-05-16,368.75,61.98,4.16,345.33
FIVESTAR,2025-05-16,679.2,41.03,-6.2,730.77
FORTIS,2025-05-16,700.05,60.69,1.32,675.44
GAIL,2025-05-16,186.28,52.96,-1.07,188.35
GVT&D,2025-05-16,1771.1,100.0,0.0,1771.1
GMRAIRPORT,2025-05-16,91.07,65.38,-0.1,87.39
GRSE,2025-05-16,2481.7,80.41,53.71,1878.36
GICRE,2025-05-16,436.25,60.13,0.56,420.68
GILLETTE,2025-05-16,8610.0,69.3,51.29,8066.68
GLAND,2025-05-16,1469.4,54.45,10.07,1435.96
GLAXO,2025-05-16,2828.6,51.32,-7.85,2842.68
GLENMARK,2025-05-16,1448.6,56.22,7.25,1402.07
MEDANTA,2025-05-16,1201.1,46.53,1.19,1220.13
GODIGIT,2025-05-16,299.55,55.43,0.87,295.34
GPIL,2025-05-16,201.71,59.74,1.65,191.35
GODFRYPHLP,2025-05-16,8718.5,62.03,-7.32,8326.95
GODREJAGRO,2025-05-16,732.7,49.93,1.37,735.42
GODREJCP,2025-05-16,1299.5,70.28,-1.11,1256.35
GODREJIND,2025-05-16,1143.3,53.95,3.18,1121.63
GODREJPROP,2025-05-16,2176.1,56.0,2.91,2113.61
GRANULES,2025-05-16,505.6,63.72,6.96,467.61
GRAPHITE,2025-05-16,486.4,57.7,2.2,467.98
GRASIM,2025-05-16,2804.2,61.17,0.23,2735.6
GRAVITA,2025-05-16,2030.2,62.99,7.77,1893.11
GESHIP,2025-05-16,972.75,63.34,7.42,896.22
FLUOROCHEM,2025-05-16,3912.7,53.19,-4.72,3906.56
GUJGASLTD,2025-05-16,469.45,61.13,-0.19,458.55
GMDCLTD,2025-05-16,354.6,70.91,2.36,315.39
GNFC,2025-05-16,510.45,57.73,2.58,494.91
GPPL,2025-05-16,144.96,59.63,0.86,139.73
GSPL,2025-05-16,350.4,69.0,2.06,326.61
HEG,2025-05-16,490.6,60.73,1.48,467.19
HBLENGINE,2025-05-16,568.75,66.82,8.3,510.73
HCLTECH,2025-05-16,1659.9,61.71,13.53,1572.86
HDFCAMC,2025-05-16,4737.3,67.74,17.69,4455.69
HDFCBANK,2025-05-16,1934.7,57.79,-5.85,1925.72
HDFCLIFE,2025-05-16,750.55,66.97,0.61,725.03
HFCL,2025-05-16,88.43,60.83,1.17,82.03
HAPPSTMNDS,2025-05-16,604.6,52.71,3.9,591.12
HAVELLS,2025-05-16,1577.4,51.56,-3.78,1596.74
HEROMOTOCO,2025-05-16,4345.3,74.41,48.8,3929.53
HSCL,2025-05-16,461.9,57.55,1.2,449.19
HINDALCO,2025-05-16,657.55,57.9,4.76,632.04
HAL,2025-05-16,5127.7,76.9,38.6,4496.47
HINDCOPPER,2025-05-16,226.0,55.87,1.86,218.03
HINDPETRO,2025-05-16,410.05,64.82,-0.31,392.57
HINDUNILVR,2025-05-16,2381.4,57.69,-1.85,2356.28
HINDZINC,2025-05-16,442.3,54.17,1.11,436.25
POWERINDIA,2025-05-16,15803.0,64.93,102.17,14637.75
HOMEFIRST,2025-05-16,1166.8,52.39,-10.13,1201.96
HONASA,2025-05-16,261.7,70.26,1.0,245.36
HONAUT,2025-05-16,38820.0,76.09,395.72,35101.75
HUDCO,2025-05-16,233.86,61.32,-0.45,223.81
HYUNDAI,2025-05-16,1855.6,70.78,14.95,1732.37
ICICIBANK,2025-05-16,1454.0,63.86,-2.05,1425.58
ICICIGI,2025-05-16,1849.6,53.72,-0.72,1842.72
ICICIPRULI,2025-05-16,615.6,61.2,0.65,601.96
IDBI,2025-05-16,86.0,62.92,0.5,81.75
IDFCFIRSTB,2025-05-16,69.26,65.21,0.04,67.1
IFCI,2025-05-16,51.77,71.72,0.77,43.65
IIFL,2025-05-16,413.95,70.46,4.85,372.57
INOXINDIA,2025-05-16,1160.55,76.6,15.83,1027.15
IRB,2025-05-16,51.21,68.41,0.56,47.25
IRCON,2025-05-16,188.88,72.59,3.1,161.13
ITC,2025-05-16,435.7,59.57,-0.4,430.06
ITI,2025-05-16,279.5,62.4,2.25,263.02
INDGN,2025-05-16,612.15,65.81,5.74,566.28
INDIACEM,2025-05-16,319.85,66.7,0.97,305.61
INDIAMART,2025-05-16,2350.2,60.68,1.21,2280.14
INDIANB,2025-05-16,594.55,63.16,1.42,573.42
IEX,2025-05-16,199.86,67.27,0.06,191.37
INDHOTEL,2025-05-16,766.35,46.7,-2.76,786.99
IOC,2025-05-16,144.72,62.47,-0.08,140.52
IOB,2025-05-16,37.86,50.47,0.34,37.38
IRCTC,2025-05-16,809.05,66.7,3.97,762.62
IRFC,2025-05-16,138.61,66.73,1.12,127.19
IREDA,2025-05-16,173.29,58.37,0.23,168.29
IGL,2025-05-16,209.2,63.31,1.51,194.9
INDUSTOWER,2025-05-16,400.45,60.53,-1.11,395.75
INDUSINDBK,2025-05-16,780.2,45.74,-6.05,813.35
NAUKRI,2025-05-16,1509.5,64.11,11.77,1419.09
INFY,2025-05-16,1589.9,58.48,18.08,1512.23
INOXWIND,2025-05-16,179.82,59.63,1.06,170.25
INTELLECT,2025-05-16,1074.55,83.73,25.28,839.98
INDIGO,2025-05-16,5562.5,60.22,6.15,5398.12
IGIL,2025-05-16,378.6,59.14,4.99,357.18
IKS,2025-05-16,1670.4,69.23,27.67,1513.11
IPCALAB,2025-05-16,1392.6,49.63,1.64,1401.59
JBCHEPHARM,2025-05-16,1647.2,58.53,9.6,1591.13
JKCEMENT,2025-05-16,5251.5,62.24,-0.92,5150.87
JBMA,2025-05-16,726.05,62.56,2.12,682.24
JKTYRE,2025-05-16,351.4,71.63,2.53,320.64
JMFINANCIL,2025-05-16,115.18,72.24,1.34,104.37
JSWENERGY,2025-05-16,503.85,56.09,3.15,484.19
JSWHL,2025-05-16,23930.0,51.78,-154.04,24441.25
JSWINFRA,2025-05-16,288.25,45.8,-0.77,295.62
JSWSTEEL,2025-05-16,1021.8,54.04,3.75,1006.43
JPPOWER,2025-05-16,15.11,58.29,0.05,14.65
J&KBANK,2025-05-16,103.89,59.66,0.79,98.9
JINDALSAW,2025-05-16,217.13,38.76,-2.22,239.94
JSL,2025-05-16,663.1,71.58,10.42,592.46
JINDALSTEL,2025-05-16,981.6,68.32,9.94,904.49
JIOFIN,2025-05-16,277.0,70.05,1.23,258.22
JUBLFOOD,2025-05-16,674.3,44.88,-4.49,698.77
JUBLINGREA,2025-05-16,691.55,53.03,0.24,685.27
JUBLPHARMA,2025-05-16,945.6,60.15,3.98,904.78
JWL,2025-05-16,422.05,72.24,4.55,369.87
JUSTDIAL,2025-05-16,951.85,59.46,-0.79,936.9
JYOTHYLAB,2025-05-16,348.5,43.49,-4.74,369.46
JYOTICNC,2025-05-16,1258.8,68.99,11.49,1141.86
KPRMILL,2025-05-16,1175.9,61.22,4.33,1092.61
KEI,2025-05-16,3463.2,68.77,42.96,3157.43
KNRCON,2025-05-16,234.93,59.18,1.55,225.03
KPITTECH,2025-05-16,1364.8,62.38,17.23,1259.93
KAJARIACER,2025-05-16,947.8,73.8,15.9,833.55
KPIL,2025-05-16,1093.8,67.69,12.82,980.08
KALYANKJIL,2025-05-16,560.4,63.7,2.99,527.11
KANSAINER,2025-05-16,263.6,59.54,-0.24,260.72
KARURVYSYA,2025-05-16,225.75,61.8,0.75,217.9
KAYNES,2025-05-16,6262.5,66.51,15.65,5893.54
KEC,2025-05-16,800.6,65.14,10.98,726.57
KFINTECH,2025-05-16,1065.8,47.32,-17.03,1142.51
KIRLOSBROS,2025-05-16,1885.8,61.5,11.53,1778.64
KIRLOSENG,2025-05-16,895.5,75.22,13.63,747.06
KOTAKBANK,2025-05-16,2108.2,47.39,-10.74,2160.51
KIMS,2025-05-16,640.3,49.77,-4.95,658.55
LTF,2025-05-16,174.87,60.75,0.18,170.13
LTTS,2025-05-16,4474.2,56.9,47.39,4289.51
LICHSGFIN,2025-05-16,621.1,60.49,0.89,603.53
LTFOODS,2025-05-16,370.85,56.96,2.61,356.91
LTIM,2025-05-16,5047.8,71.27,66.97,4626.86
LT,2025-05-16,3604.7,70.43,32.0,3384.42
LATENTVIEW,2025-05-16,422.85,62.05,1.66,407.2
LAURUSLABS,2025-05-16,603.05,48.69,-2.45,615.76
LEMONTREE,2025-05-16,140.33,53.87,-0.03,139.54
LICI,2025-05-16,857.0,66.8,5.0,808.95
LINDEINDIA,2025-05-16,7178.0,73.28,89.02,6453.75
LLOYDSME,2025-05-16,1306.6,57.64,8.19,1259.11
LUPIN,2025-05-16,2068.4,52.93,0.06,2055.41
MMTC,2025-05-16,61.77,65.04,0.59,56.56
MRF,2025-05-16,140265.0,74.54,-76.98,134540.25
LODHA,2025-05-16,1394.8,63.28,3.24,1310.78
MGL,2025-05-16,1391.4,55.62,2.65,1352.52
MAHSEAMLES,2025-05-16,696.8,57.17,4.02,672.61
M&MFIN,2025-05-16,266.95,54.33,1.51,260.86
M&M,2025-05-16,3135.6,65.71,13.01,2969.77
MANAPPURAM,2025-05-16,229.48,53.11,-0.52,229.84
MRPL,2025-05-16,138.0,58.32,0.03,134.63
MANKIND,2025-05-16,2572.7,60.03,7.13,2510.67
MARICO,2025-05-16,724.4,58.52,-2.52,717.5
MARUTI,2025-05-16,12995.0,69.4,74.91,12252.55
MASTEK,2025-05-16,2343.1,62.68,30.41,2195.95
MFSL,2025-05-16,1355.2,74.55,2.33,1282.93
MAXHEALTH,2025-05-16,1167.1,58.2,4.67,1126.26
MAZDOCK,2025-05-16,3522.4,75.41,35.96,2928.7
METROPOLIS,2025-05-16,1648.9,47.16,-10.82,1697.71
MINDACORP,2025-05-16,502.7,51.49,2.36,498.09
MSUMI,2025-05-16,58.03,65.73,-0.01,56.17
MOTILALOFS,2025-05-16,789.0,67.62,8.26,703.84
MPHASIS,2025-05-16,2600.4,61.45,19.0,2465.49
MCX,2025-05-16,6450.0,63.82,-1.31,6083.32
MUTHOOTFIN,2025-05-16,2104.8,42.46,-5.29,2183.46
NATCOPHARM,2025-05-16,841.15,52.62,-1.63,842.9
NBCC,2025-05-16,111.08,71.73,1.05,98.82
NCC,2025-05-16,227.19,59.82,0.87,217.74
NHPC,2025-05-16,89.71,62.6,0.23,85.47
NLCINDIA,2025-05-16,238.93,57.11,0.79,232.82
NMDC,2025-05-16,70.27,62.15,0.52,66.69
NSLNISP,2025-05-16,38.5,65.1,0.37,36.02
NTPCGREEN,2025-05-16,104.71,58.15,0.17,102.8
NTPC,2025-05-16,343.1,46.42,-1.6,350.74
NH,2025-05-16,1774.6,54.64,-9.46,1792.93
NATIONALUM,2025-05-16,177.19,61.23,3.18,161.73
NAVA,2025-05-16,474.05,54.05,1.08,464.41
NAVINFLUOR,2025-05-16,4242.1,43.12,-44.24,4424.44
NESTLEIND,2025-05-16,2408.8,61.8,-1.78,2381.87
NETWEB,2025-05-16,1831.8,70.94,34.5,1576.19
NETWORK18,2025-05-16,47.6,63.87,0.46,44.56
NEULANDLAB,2025-05-16,11056.0,36.7,-122.31,12386.8
NEWGEN,2025-05-16,1158.95,65.52,11.18,1055.24
NAM-INDIA,2025-05-16,727.85,69.03,6.38,656.4
NIVABUPA,2025-05-16,90.41,66.18,0.27,83.34
NUVAMA,2025-05-16,6707.0,67.81,70.79,6159.75
OBEROIRLTY,2025-05-16,1676.2,57.42,4.27,1623.57
ONGC,2025-05-16,247.27,56.38,0.36,244.08
OIL,2025-05-16,423.9,63.41,1.62,406.02
OLAELEC,2025-05-16,52.12,55.58,0.57,50.14
OLECTRA,2025-05-16,1286.8,63.48,10.69,1202.29
PAYTM,2025-05-16,852.35,52.22,-4.58,861.4
OFSS,2025-05-16,8696.5,62.11,20.51,8322.21
POLICYBZR,2025-05-16,1756.2,61.12,12.53,1661.02
PCBL,2025-05-16,395.0,54.68,2.6,384.44
PGEL,2025-05-16,804.05,42.54,-5.29,864.67
PIIND,2025-05-16,3769.7,64.16,-3.32,3661.64
PNBHOUSING,2025-05-16,1072.1,62.54,-1.15,1032.76
PNCINFRA,2025-05-16,280.2,62.6,1.11,266.78
PTCIL,2025-05-16,14269.0,61.69,133.06,13406.3
PVRINOX,2025-05-16,1017.4,62.19,5.91,964.11
PAGEIND,2025-05-16,47830.0,66.06,78.16,45778.5
PATANJALI,2025-05-16,1785.0,40.93,-14.32,1878.36
PERSISTENT,2025-05-16,5699.0,61.23,41.89,5391.65
PETRONET,2025-05-16,320.6,64.63,0.53,311.98
PFIZER,2025-05-16,4413.2,65.96,13.04,4284.12
PHOENIXLTD,2025-05-16,1550.9,47.71,-1.8,1580.63
PIDILITIND,2025-05-16,3091.2,62.35,2.38,3037.85
PEL,2025-05-16,1104.75,66.63,8.91,1021.41
PPLPHARMA,2025-05-16,204.87,42.16,-0.64,214.01
POLYMED,2025-05-16,2419.2,48.73,-37.65,2524.19
POLYCAB,2025-05-16,6094.5,70.35,31.66,5711.52
POONAWALLA,2025-05-16,395.15,61.05,-1.29,385.97
PFC,2025-05-16,417.75,54.28,-0.1,413.43
POWERGRID,2025-05-16,300.2,49.64,-2.26,306.86
PRAJIND,2025-05-16,492.35,50.19,3.17,488.18
PREMIERENE,2025-05-16,1125.95,72.46,10.03,1002.63
PRESTIGE,2025-05-16,1433.2,65.3,5.96,1335.51
PNB,2025-05-16,98.91,54.65,-0.14,98.74
RRKABEL,2025-05-16,1315.9,80.91,22.02,1121.03
RBLBANK,2025-05-16,212.68,67.22,0.35,199.83
RECLTD,2025-05-16,406.45,48.45,-2.42,416.87
RHIM,2025-05-16,464.45,56.12,1.17,453.72
RITES,2025-05-16,286.99,76.92,4.63,234.78
RADICO,2025-05-16,2571.6,61.49,2.75,2498.41
RVNL,2025-05-16,409.6,69.9,5.04,360.76
RAILTEL,2025-05-16,383.55,73.68,7.29,319.95
RAINBOW,2025-05-16,1367.8,47.29,-3.04,1389.78
RKFORGE,2025-05-16,623.7,45.37,3.7,625.28
RCF,2025-05-16,150.62,66.6,0.96,140.38
RTNINDIA,2025-05-16,48.62,67.0,0.66,43.86
RAYMONDLSL,2025-05-16,1008.8,50.43,7.41,996.16
RAYMOND,2025-05-16,607.6,21.21,-116.43,1392.37
REDINGTON,2025-05-16,280.16,73.52,3.58,251.43
RELIANCE,2025-05-16,1456.4,70.13,3.35,1379.3
RPOWER,2025-05-16,45.07,64.02,0.4,41.84
ROUTE,2025-05-16,981.65,53.96,0.82,971.14
SBFC,2025-05-16,107.87,65.16,0.38,102.64
SBICARD,2025-05-16,912.0,57.21,0.83,895.94
SBILIFE,2025-05-16,1773.4,65.88,-1.54,1712.25
SJVN,2025-05-16,104.2,66.19,0.76,95.74
SKFINDIA,2025-05-16,4574.8,86.58,57.61,4007.25
SRF,2025-05-16,2914.9,47.03,-15.16,2981.09
SAGILITY,2025-05-16,46.78,63.08,0.69,42.58
SAILIFE,2025-05-16,750.65,58.48,5.27,716.93
SAMMAANCAP,2025-05-16,125.2,58.73,0.52,121.54
MOTHERSON,2025-05-16,147.04,63.87,0.71,137.66
SAPPHIRE,2025-05-16,331.0,62.3,0.08,315.94
SARDAEN,2025-05-16,454.75,47.28,1.79,459.38
SAREGAMA,2025-05-16,540.15,51.71,-1.05,545.74
SCHAEFFLER,2025-05-16,4085.3,80.77,57.32,3548.96
SCHNEIDER,2025-05-16,653.05,62.32,9.02,600.84
SCI,2025-05-16,188.77,63.71,0.53,174.9
SHREECEM,2025-05-16,31615.0,67.39,140.05,30258.5
RENUKA,2025-05-16,31.85,65.53,0.36,29.35
SHRIRAMFIN,2025-05-16,665.5,55.23,3.36,649.2
SHYAMMETL,2025-05-16,937.75,66.31,3.86,892.16
SIEMENS,2025-05-16,3069.5,40.96,94.27,2910.86
SIGNATURE,2025-05-16,1236.1,68.04,6.27,1156.97
SOBHA,2025-05-16,1372.5,63.36,6.41,1287.2
SOLARINDS,2025-05-16,14025.0,73.76,-16.73,13211.75
SONACOMS,2025-05-16,542.85,65.85,5.92,492.92
SONATSOFTW,2025-05-16,397.8,56.2,1.54,375.91
STARHEALTH,2025-05-16,450.9,76.63,6.2,389.7
SBIN,2025-05-16,792.1,58.86,-0.09,783.55
SAIL,2025-05-16,122.48,61.63,0.94,115.74
SWSOLAR,2025-05-16,297.95,59.48,1.17,285.78
SUMICHEM,2025-05-16,538.45,55.85,1.26,523.83
SUNPHARMA,2025-05-16,1734.9,47.78,-10.97,1772.32
SUNTV,2025-05-16,629.2,51.25,-0.42,630.35
SUNDARMFIN,2025-05-16,5094.5,52.35,-28.82,5175.34
SUNDRMFAST,2025-05-16,981.5,65.15,6.62,936.32
SUPREMEIND,2025-05-16,3681.9,63.01,18.51,3528.6
SUVENPHAR,2025-05-16,1079.2,43.57,-6.48,1128.02
SUZLON,2025-05-16,61.08,62.41,0.52,57.45
SWANENERGY,2025-05-16,455.55,60.96,4.97,422.57
SWIGGY,2025-05-16,321.2,47.22,-0.33,326.06
SYNGENE,2025-05-16,645.4,46.29,2.52,649.96
SYRMA,2025-05-16,529.65,59.25,4.53,500.16
TBOTEK,2025-05-16,1237.6,61.41,22.94,1115.84
TVSMOTOR,2025-05-16,2841.5,63.41,-4.77,2744.95
TANLA,2025-05-16,571.55,70.03,10.11,497.13
TATACHEM,2025-05-16,859.5,56.53,2.18,840.97
TATACOMM,2025-05-16,1632.3,60.77,5.2,1574.8
TCS,2025-05-16,3561.3,58.21,22.16,3453.6
TATACONSUM,2025-05-16,1168.0,63.71,-5.06,1144.09
TATAELXSI,2025-05-16,6212.0,67.49,51.59,5763.0
TATAINVEST,2025-05-16,6209.0,57.12,23.18,6082.9
TATAMOTORS,2025-05-16,730.7,65.78,7.69,673.03
TATAPOWER,2025-05-16,405.8,63.82,1.38,387.86
TATASTEEL,2025-05-16,157.55,67.67,1.99,144.57
TATATECH,2025-05-16,750.9,67.48,8.31,686.11
TTML,2025-05-16,60.62,57.75,0.46,58.18
TECHM,2025-05-16,1617.0,73.97,17.9,1491.74
TECHNOE,2025-05-16,1280.1,74.77,16.0,1114.01
TEJASNET,2025-05-16,740.6,48.48,-1.43,756.73
NIACL,2025-05-16,179.03,64.75,0.44,170.8
RAMCOCEM,2025-05-16,1004.15,70.09,2.31,966.64
THERMAX,2025-05-16,3426.6,55.39,16.19,3353.25
TIMKEN,2025-05-16,3096.0,76.09,46.68,2700.48
TITAGARH,2025-05-16,912.85,73.46,15.61,766.59
TITAN,2025-05-16,3633.7,78.49,22.6,3419.97
TORNTPHARM,2025-05-16,3266.8,53.06,-5.53,3264.42
TORNTPOWER,2025-05-16,1442.8,45.5,-12.89,1505.68
TARIL,2025-05-16,504.25,51.11,-2.39,510.97
TRENT,2025-05-16,5583.0,59.97,34.47,5299.78
TRIDENT,2025-05-16,29.38,62.51,0.13,27.96
TRIVENI,2025-05-16,430.1,60.53,0.53,416.41
TRITURBINE,2025-05-16,605.15,66.05,11.21,532.63
TIINDIA,2025-05-16,3044.6,62.17,19.24,2821.71
UCOBANK,2025-05-16,30.98,48.62,0.26,30.67
UNOMINDA,2025-05-16,989.5,66.27,10.5,918.87
UPL,2025-05-16,644.2,44.96,-5.26,667.7
UTIAMC,2025-05-16,1120.2,62.29,6.6,1056.37
ULTRACEMCO,2025-05-16,11905.0,58.02,-14.99,11813.0
UNIONBANK,2025-05-16,133.02,59.89,0.86,126.75
UBL,2025-05-16,2050.6,43.89,-19.84,2146.12
UNITDSPR,2025-05-16,1540.3,55.5,-9.0,1551.37
USHAMART,2025-05-16,311.6,53.27,1.96,304.07
VGUARD,2025-05-16,375.0,61.97,0.44,365.6
DBREALTY,2025-05-16,191.05,65.47,0.19,179.24
VTL,2025-05-16,499.8,64.87,0.04,477.3
VBL,2025-05-16,501.65,42.49,-2.66,522.39
MANYAVAR,2025-05-16,751.6,45.28,-1.41,766.76
VEDL,2025-05-16,441.2,60.34,4.32,420.19
VIJAYA,2025-05-16,909.8,37.01,-14.31,1013.14
VMM,2025-05-16,126.27,65.28,0.82,117.97
IDEA,2025-05-16,7.37,52.76,0.03,7.28
VOLTAS,2025-05-16,1261.4,47.43,6.07,1258.54
WAAREEENER,2025-05-16,2921.1,67.83,15.7,2677.68
WELCORP,2025-05-16,781.9,51.83,3.82,768.19
WELSPUNLIV,2025-05-16,149.07,64.37,1.79,134.76
WESTLIFE,2025-05-16,694.5,48.4,0.51,700.9
WHIRLPOOL,2025-05-16,1296.4,68.04,0.48,1211.22
WIPRO,2025-05-16,254.31,54.32,2.83,244.34
WOCKPHARMA,2025-05-16,1330.4,51.78,0.83,1325.55
YESBANK,2025-05-16,21.55,80.64,0.35,18.96
ZFCVINDIA,2025-05-16,13221.0,59.3,65.88,12772.6
ZEEL,2025-05-16,129.67,73.01,1.85,114.29
ZENTEC,2025-05-16,1794.8,77.0,36.22,1472.96
ZENSARTECH,2025-05-16,798.75,66.92,11.4,723.61
ZYDUSLIFE,2025-05-16,902.7,56.75,3.88,879.58
ECLERX,2025-05-16,3301.8,79.04,89.16,2619.61
